ANACACHO_ANA,ANACACHO_ANA
ASTRA_UNIT1,ASTRA_UNIT1
BCATWIND_WIND_1,BCATWD_WD_1
BLSUMMIT_BLSMT1_5,BLSMT1_5_A_6
BLSUMMIT_BLSMT1_6,BLSMT1_5_A_6
BORDAS2_JAVEL2_A,BORDAS_345
BORDAS2_JAVEL2_B,BORDAS_345
BORDAS2_JAVEL2_C,BORDAS_345
BORDAS_JAVEL18,BORDAS_345
BORDAS_JAVEL20,BORDAS_345
BRAZ_WND_WND1,BRAZ_WND_ALL
BRAZ_WND_WND2,BRAZ_WND_ALL
BRISCOE_WIND,BRISCOE_WIND
BRTSW_BCW1,BRTSW_BCW1
BUCKTHRN_UNIT1,BUCKTHRN_RN
BUCKTHRN_UNIT2,BUCKTHRN_RN
BUFF_GAP_UNIT1,BUFF_GAP_ALL
BUFF_GAP_UNIT2_1,BUFF_GAP_ALL
BUFF_GAP_UNIT2_2,BUFF_GAP_ALL
BUFF_GAP_UNIT3,BUFF_GAP_ALL
BULLCRK_WND1,BULLCRK_1_2
BULLCRK_WND2,BULLCRK_1_2
CALLAHAN_WND1,CALLAHA_WND1
CAPRIDG4_CR4,CAPRIDG4_CR4
CAPRIDGE_CR1,CAPRIDG4_CR4
CAPRIDGE_CR2,CAPRIDG4_CR4
CAPRIDGE_CR3,CAPRIDG4_CR4
CEDROHIL_CHW1,CEDROHI_CHW1
CEDROHIL_CHW2,CEDROHI_CHW1
CHAMPION_UNIT1,CHAMON_UN1
COTPLNS_COTTONPL,COTPLNS_RN
COTPLNS_OLDSETLR,COTTON_PAP2
CSEC_CSECG1,CSC_CSECG1_2
CSEC_CSECG2,CSC_CSECG1_2
DERMOTT_UNIT1,DERMOTT_ALL
DERMOTT_UNIT2,DERMOTT_ALL
DIGBY_UNIT1,DIB_CC1
DIGBY_UNIT2,DIB_CC1
ELB_ELBCREEK,ELB_ELBCREEK
ENAS_ENA1,ENAS_ENA1
EXGNSND_WIND_1,EXGNSND_RN
EXGNWTL_WIND_1,EXGNSND_RN
FERMI_WIND1,FERMI_ALL
FERMI_WIND2,FERMI_ALL
FLTCK_SSI,FLTCK_SSI
FLUVANNA_UNIT1,FLUVANNA_1_2
FLUVANNA_UNIT2,FLUVANNA_1_2
GOAT_GOATWIN2,GOA_GOATWIND
GOAT_GOATWIND,GOA_GOATWIND
GPASTURE_WIND_I,GPASTURE_ALL
GRANDVW1_COLA,GRANDVW1_A_B
GRANDVW1_COLB,GRANDVW1_A_B
GRANDVW1_GV1A,GRANDVW1_A_B
GRANDVW1_GV1B,GRANDVW1_A_B
GUNMTN_G1,GUNMTN_NODE
GWEC_GWEC_G1,GWEC_G1
HHOLLOW2_WIND1,HHOLLW2_WND1
HHOLLOW3_WND_1,HHOLLW2_WND1
HHOLLOW4_WND1,HHOLLW2_WND1
HORSECRK_UNIT1,HORSECRK_RN
HORSECRK_UNIT2,HORSECRK_RN
HRFDWIND_JRDWIND1,HRFDWIND_ALL
HRFDWIND_JRDWIND2,HRFDWIND_ALL
HRFDWIND_WIND_G,HRFDWIND_ALL
HRFDWIND_WIND_V,HRFDWIND_ALL
HWF_HWFG1,HWF_HWFG1
H_HOLLOW_WND1,HHOLLW2_WND1
INDL_INADALE1,IND_INADALE1
INDL_INADALE2,IND_INADALE1
INDNENR_INDNENR,IN_INDNENR_2
INDNENR_INDNENR_2,IN_INDNENR_2
KEECHI_U1,KEECHI_U1
KEO_KEO_SM1,KEO_KEO_SM1
KEO_SHRBINO2,KEO_KEO_SM1
KING_NE_KINGNE,KINGMTN_ALL
KING_NW_KINGNW,KINGMTN_ALL
KING_SE_KINGSE,KINGMTN_ALL
KING_SW_KINGSW,KINGMTN_ALL
LGD_LANGFORD,LGD_LANGFORD
LGW_UNIT1,LGW_UNIT_ALL
LGW_UNIT2,LGW_UNIT_ALL
LHORN_N_UNIT1,LHORN_N_U1_2
LHORN_N_UNIT2,LHORN_N_U1_2
LNCRK2_G871,LNCRK_ALL
LNCRK2_G872,LNCRK_ALL
LNCRK_G83,LNCRK_ALL
LONEWOLF_G1,LONEWOLF_ALL
LONEWOLF_G2,LONEWOLF_ALL
LONEWOLF_G3,LONEWOLF_ALL
LONEWOLF_G4,LONEWOLF_ALL
LV3_UNIT_1,LV3_UNIT1
LV4_UNIT_1,LV4_UNIT_1
LV5_UNIT_1,LV5_UNIT1
MARIAH_NORTE1,MARIAH_ALL
MARIAH_NORTE2,MARIAH_ALL
MCDLD_FCW1,MCDLD_FCSBW1
MCDLD_SBW1,MCDLD_FCSBW1
MESQCRK_WND1,MESQCRK_ALL
MESQCRK_WND2,MESQCRK_ALL
MIAM1_G1,MIAM1_G1_G2
MIAM1_G2,MIAM1_G1_G2
MIRASOLE_MIR11,MIRASOLE_GEN
MIRASOLE_MIR12,MIRASOLE_GEN
MIRASOLE_MIR21,MIRASOLE_GEN
MOZART_WIND_1,MOZART_WIND1
MWEC_G1,MWEC_G1
NBOHR_UNIT1,NBOHR_RN
NWF_NWF1,NWF_NWF1
NWF_NWF2,NWF_NWF1
OWF_OWF,OWF_OWF
PC_NORTH_PANTHER1,PC_NORTH_1
PC_SOUTH_PANTHER2,PC_NORTH_1
PC_SOUTH_PANTHER3,PC_NORTH_1
PH1_UNIT1,PH1_UNIT1_2
PH1_UNIT2,PH1_UNIT1_2
PH2_UNIT1,PH2_U1_U2
PH2_UNIT2,PH2_U1_U2
PYR_PYRON1,PYR_PYRON1
PYR_PYRON2,PYR_PYRON1
RDCANYON_RDCNY1,RDCAN_RDCNY1
ROUTE_66_WIND1,ROUTE66_RN
RSNAKE_G1,RSK_RN
RSNAKE_G2,RSK_RN
SALTFORK_UNIT1,SLTFRK_UN1_2
SALTFORK_UNIT2,SLTFRK_UN1_2
SALVTION_UNIT1,SALVTION_GEN
SALVTION_UNIT2,SALVTION_GEN
SENATEWD_UNIT1,SENATEWD_1
SGMTN_SIGNALM2,SGM_SIGNALMT
SGMTN_SIGNALMT,SGM_SIGNALMT
SHANNONW_UNIT_1,SHANNONW_RN
SPLAIN1_WIND1,SPLAIN1_RN
SPLAIN1_WIND2,SPLAIN1_RN
SPLAIN2_WIND21,SPLAIN2_RN
SPLAIN2_WIND22,SPLAIN2_RN
SRWE1_SRWE2,SRWE1_UNIT1
SRWE1_UNIT1,SRWE1_UNIT1
SSPURTWO_SS3WIND1,SSPURT_WIND1
SSPURTWO_SS3WIND2,SSPURT_WIND1
SSPURTWO_WIND_1,SSPURT_WIND1
STWF_T1,STWF_T1
SWEC_G1,SWEC_G1
SWEETWN2_WND2,SWEETWN2_2_4
SWEETWN2_WND24,SWEETWN2_2_4
SWEETWN3_WND3A,SWEETWN2_2_4
SWEETWN3_WND3B,SWEETWN2_2_4
SWEETWN4_WND4A,SWTWN4_WND45
SWEETWN4_WND4B,SWTWN4_WND45
SWEETWN4_WND5,SWTWN4_WND45
SWEETWND_WND1,SWEETWND_1
SW_MESA_SW_MESA,SW_M_SW_MESA
TKWSW1_ROSCOE,TKWSW_ROSCOE
TKWSW1_ROSCOE2A,TKWSW_ROSCOE
TRENT_TRENT,TRENT_TRENT
TRINITY_TH1_BUS1,TRINITY_ALL
TRINITY_TH1_BUS2,TRINITY_ALL
TTWEC_G1,TTWEC_G1
TYLRWIND_UNIT1,TYLRWIND_RN
VERTIGO_WIND_I,VERTIGO_UN1
WEC_WECG1,WEC_WECG1
WHTTAIL_WR1,WHTTAIL_WR1
WNDTHST2_UNIT1,WNDTS2_UNIT1
WOODWRD1_WOODWRD1,WOO_WOODWRD2
WOODWRD2_WOODWRD2,WOO_WOODWRD2